start,end,days,period,predicted_per_day,predicted
2020-12-15,2021-01-13,30,baseline,507.1394,15214.18
2021-01-14,2021-02-17,35,baseline,485.196,16981.86
2021-02-18,2021-03-18,29,baseline,418.3666,12132.63
2021-03-19,2021-04-19,32,baseline,339.2754,10856.81
2021-04-20,2021-06-24,66,baseline,373.4538,24647.95
2021-06-25,2021-07-28,34,baseline,502.3954,17081.44
2021-07-29,2021-08-29,32,baseline,476.2071,15238.63
2021-08-30,2021-10-02,34,baseline,361.11,12277.74
2021-10-03,2021-11-04,33,baseline,328.0619,10826.04
2021-11-05,2021-12-08,34,baseline,430.6305,14641.44
2021-12-09,2022-01-09,32,baseline,499.1201,15971.84
2022-01-10,2022-02-10,32,reporting,507.1546,16228.95
2022-02-11,2022-03-11,29,reporting,457.5263,13268.26
2022-03-12,2022-04-13,33,reporting,362.475,11961.68
2022-04-14,2022-05-15,32,reporting,326.202,10438.46
2022-05-16,2022-06-19,35,reporting,403.9308,14137.58
2022-06-20,2022-07-24,35,reporting,498.1786,17436.25
2022-08-27,2022-09-30,35,reporting,344.5896,12060.64
2022-10-01,2022-10-29,29,reporting,322.2843,9346.244
2022-10-30,2022-11-30,32,reporting,394.1834,12613.87
2022-12-01,2022-12-30,30,reporting,495.273,14858.19
