start,end,period,predicted_per_day,predicted
2021-01-01,2021-01-31,baseline,298.2573,9245.976
2021-02-01,2021-02-28,baseline,298.2573,8351.204
2021-03-01,2021-03-31,baseline,298.2573,9245.976
2021-04-01,2021-04-30,baseline,298.2573,8947.719
2021-05-01,2021-05-31,baseline,411.4417,12754.69
2021-06-01,2021-06-30,baseline,577.4185,17322.56
2021-07-01,2021-07-31,baseline,632.8641,19618.79
2021-08-01,2021-08-31,baseline,597.9406,18536.16
2021-09-01,2021-09-30,baseline,421.5227,12645.68
2021-10-01,2021-10-31,baseline,298.2573,9245.976
2021-11-01,2021-11-30,baseline,298.2573,8947.719
2021-12-01,2021-12-31,baseline,298.2573,9245.976
2022-01-01,2022-01-31,reporting,298.2573,9245.976
2022-02-01,2022-02-28,reporting,298.2573,8351.204
2022-03-01,2022-03-31,reporting,298.2573,9245.976
2022-04-01,2022-04-30,reporting,298.2573,8947.719
2022-05-01,2022-05-31,reporting,430.5236,13346.23
2022-06-01,2022-06-30,reporting,563.1971,16895.91
2022-07-01,2022-07-31,reporting,638.2647,19786.2
2022-08-01,2022-08-31,reporting,585.6993,18156.68
2022-09-01,2022-09-30,reporting,396.6802,11900.41
2022-10-01,2022-10-31,reporting,298.2573,9245.976
2022-11-01,2022-11-30,reporting,298.2573,8947.719
2022-12-01,2022-12-31,reporting,298.2573,9245.976
