date,period,predicted
2021-01-01,baseline,302.8398
2021-01-02,baseline,264.7897
2021-01-03,baseline,343.9097
2021-01-04,baseline,347.5336
2021-01-05,baseline,315.5232
2021-01-06,baseline,335.4542
2021-01-07,baseline,375.9201
2021-01-08,baseline,355.9891
2021-01-09,baseline,345.1177
2021-01-10,baseline,343.9097
2021-01-11,baseline,296.8001
2021-01-12,baseline,351.7613
2021-01-13,baseline,273.2453
2021-01-14,baseline,312.5033
2021-01-15,baseline,309.4835
2021-01-16,baseline,270.8294
2021-01-17,baseline,319.751
2021-01-18,baseline,372.9003
2021-01-19,baseline,313.1073
2021-01-20,baseline,287.1366
2021-01-21,baseline,320.9589
2021-01-22,baseline,349.9494
2021-01-23,baseline,330.0184
2021-01-24,baseline,324.5827
2021-01-25,baseline,282.3048
2021-01-26,baseline,340.8899
2021-01-27,baseline,340.8899
2021-01-28,baseline,366.8606
2021-01-29,baseline,372.2963
2021-01-30,baseline,348.7415
2021-01-31,baseline,278.681
2021-02-01,baseline,285.9286
2021-02-02,baseline,296.8001
2021-02-03,baseline,339.682
2021-02-04,baseline,307.6716
2021-02-05,baseline,371.6924
2021-02-06,baseline,340.8899
2021-02-07,baseline,345.1177
2021-02-08,baseline,357.801
2021-02-09,baseline,346.3256
2021-02-10,baseline,294.9882
2021-02-11,baseline,412.7623
2021-02-12,baseline,383.7717
2021-02-13,baseline,386.7916
2021-02-14,baseline,319.751
2021-02-15,baseline,287.7406
2021-02-16,baseline,299.216
2021-02-17,baseline,314.3152
2021-02-18,baseline,374.1082
2021-02-19,baseline,375.9201
2021-02-20,baseline,394.0392
2021-02-21,baseline,416.3861
2021-02-22,baseline,368.6725
2021-02-23,baseline,365.6527
2021-02-24,baseline,345.1177
2021-02-25,baseline,347.5336
2021-02-26,baseline,324.5827
2021-02-27,baseline,376.5241
2021-02-28,baseline,372.2963
2021-03-01,baseline,352.3653
2021-03-02,baseline,342.0978
2021-03-03,baseline,381.9598
2021-03-04,baseline,409.7424
2021-03-05,baseline,374.1082
2021-03-06,baseline,382.5638
2021-03-07,baseline,359.009
2021-03-08,baseline,369.8804
2021-03-09,baseline,369.8804
2021-03-10,baseline,372.9003
2021-03-11,baseline,365.6527
2021-03-12,baseline,397.6631
2021-03-13,baseline,426.6536
2021-03-14,baseline,361.4249
2021-03-15,baseline,433.9012
2021-03-16,baseline,381.9598
2021-03-17,baseline,384.9797
2021-03-18,baseline,333.0383
2021-03-19,baseline,327.6026
2021-03-20,baseline,424.8417
2021-03-21,baseline,372.2963
2021-03-22,baseline,431.4854
2021-03-23,baseline,410.9504
2021-03-24,baseline,419.406
2021-03-25,baseline,454.4362
2021-03-26,baseline,414.5742
2021-03-27,baseline,320.3549
2021-03-28,baseline,368.6725
2021-03-29,baseline,452.6243
2021-03-30,baseline,486.4466
2021-03-31,baseline,425.4457
2021-04-01,baseline,409.7424
2021-04-02,baseline,391.0194
2021-04-03,baseline,452.0203
2021-04-04,baseline,383.7717
2021-04-05,baseline,403.0988
2021-04-06,baseline,447.1886
2021-04-07,baseline,448.3965
2021-04-08,baseline,439.9409
2021-04-09,baseline,482.2188
2021-04-10,baseline,415.1782
2021-04-11,baseline,419.406
2021-04-12,baseline,445.3767
2021-04-13,baseline,462.2878
2021-04-14,baseline,452.6243
2021-04-15,baseline,525.7046
2021-04-16,baseline,449.6044
2021-04-17,baseline,489.4665
2021-04-18,baseline,455.0402
2021-04-19,baseline,484.6347
2021-04-20,baseline,464.0997
2021-04-21,baseline,468.3275
2021-04-22,baseline,531.7443
2021-04-23,baseline,474.9712
2021-04-24,baseline,539.5959
2021-04-25,baseline,467.7235
2021-04-26,baseline,478.595
2021-04-27,baseline,528.7245
2021-04-28,baseline,422.4258
2021-04-29,baseline,449.6044
2021-04-30,baseline,502.7538
2021-05-01,baseline,519.061
2021-05-02,baseline,524.4967
2021-05-03,baseline,499.7339
2021-05-04,baseline,468.3275
2021-05-05,baseline,539.5959
2021-05-06,baseline,529.9324
2021-05-07,baseline,484.6347
2021-05-08,baseline,523.8927
2021-05-09,baseline,578.854
2021-05-10,baseline,529.3285
2021-05-11,baseline,491.8823
2021-05-12,baseline,517.2491
2021-05-13,baseline,521.4769
2021-05-14,baseline,545.0317
2021-05-15,baseline,564.9627
2021-05-16,baseline,510.6054
2021-05-17,baseline,521.4769
2021-05-18,baseline,574.6262
2021-05-19,baseline,567.9825
2021-05-20,baseline,589.1215
2021-05-21,baseline,505.1697
2021-05-22,baseline,522.6848
2021-05-23,baseline,584.8937
2021-05-24,baseline,526.9126
2021-05-25,baseline,567.9825
2021-05-26,baseline,557.715
2021-05-27,baseline,538.388
2021-05-28,baseline,608.4485
2021-05-29,baseline,564.9627
2021-05-30,baseline,551.6753
2021-05-31,baseline,563.7547
2021-06-01,baseline,578.25
2021-06-02,baseline,523.8927
2021-06-03,baseline,547.4476
2021-06-04,baseline,536.5761
2021-06-05,baseline,513.0213
2021-06-06,baseline,609.0525
2021-06-07,baseline,624.7557
2021-06-08,baseline,618.716
2021-06-09,baseline,529.3285
2021-06-10,baseline,597.577
2021-06-11,baseline,607.2406
2021-06-12,baseline,570.3984
2021-06-13,baseline,614.4882
2021-06-14,baseline,556.5071
2021-06-15,baseline,558.923
2021-06-16,baseline,567.9825
2021-06-17,baseline,572.2103
2021-06-18,baseline,564.9627
2021-06-19,baseline,626.5676
2021-06-20,baseline,564.9627
2021-06-21,baseline,584.8937
2021-06-22,baseline,580.6659
2021-06-23,baseline,668.2415
2021-06-24,baseline,574.6262
2021-06-25,baseline,617.508
2021-06-26,baseline,659.7859
2021-06-27,baseline,568.5865
2021-06-28,baseline,580.0619
2021-06-29,baseline,595.7651
2021-06-30,baseline,566.1706
2021-07-01,baseline,645.2907
2021-07-02,baseline,593.3493
2021-07-03,baseline,641.0629
2021-07-04,baseline,625.3597
2021-07-05,baseline,610.2604
2021-07-06,baseline,639.251
2021-07-07,baseline,601.2009
2021-07-08,baseline,643.4787
2021-07-09,baseline,571.6063
2021-07-10,baseline,589.1215
2021-07-11,baseline,648.9145
2021-07-12,baseline,548.6555
2021-07-13,baseline,626.5676
2021-07-14,baseline,599.9929
2021-07-15,baseline,595.7651
2021-07-16,baseline,591.5373
2021-07-17,baseline,651.9343
2021-07-18,baseline,566.1706
2021-07-19,baseline,638.043
2021-07-20,baseline,626.5676
2021-07-21,baseline,599.389
2021-07-22,baseline,609.0525
2021-07-23,baseline,633.2113
2021-07-24,baseline,593.3493
2021-07-25,baseline,564.9627
2021-07-26,baseline,619.32
2021-07-27,baseline,584.8937
2021-07-28,baseline,597.577
2021-07-29,baseline,610.8644
2021-07-30,baseline,630.7954
2021-07-31,baseline,662.8058
2021-08-01,baseline,617.508
2021-08-02,baseline,610.2604
2021-08-03,baseline,630.7954
2021-08-04,baseline,613.8842
2021-08-05,baseline,553.4872
2021-08-06,baseline,585.4976
2021-08-07,baseline,565.5666
2021-08-08,baseline,622.9438
2021-08-09,baseline,639.251
2021-08-10,baseline,610.2604
2021-08-11,baseline,567.3786
2021-08-12,baseline,621.7358
2021-08-13,baseline,567.3786
2021-08-14,baseline,603.0128
2021-08-15,baseline,557.715
2021-08-16,baseline,551.0714
2021-08-17,baseline,549.2595
2021-08-18,baseline,590.9334
2021-08-19,baseline,569.1905
2021-08-20,baseline,600.5969
2021-08-21,baseline,546.8436
2021-08-22,baseline,599.389
2021-08-23,baseline,564.3587
2021-08-24,baseline,619.32
2021-08-25,baseline,610.8644
2021-08-26,baseline,572.2103
2021-08-27,baseline,580.0619
2021-08-28,baseline,582.4778
2021-08-29,baseline,587.9135
2021-08-30,baseline,563.7547
2021-08-31,baseline,603.0128
2021-09-01,baseline,552.8833
2021-09-02,baseline,508.1895
2021-09-03,baseline,572.2103
2021-09-04,baseline,559.5269
2021-09-05,baseline,586.1016
2021-09-06,baseline,577.0421
2021-09-07,baseline,560.7349
2021-09-08,baseline,558.319
2021-09-09,baseline,557.1111
2021-09-10,baseline,531.1404
2021-09-11,baseline,512.4173
2021-09-12,baseline,522.0808
2021-09-13,baseline,542.0118
2021-09-14,baseline,474.3672
2021-09-15,baseline,527.5165
2021-09-16,baseline,508.7935
2021-09-17,baseline,533.5562
2021-09-18,baseline,509.3975
2021-09-19,baseline,533.5562
2021-09-20,baseline,522.6848
2021-09-21,baseline,566.1706
2021-09-22,baseline,514.8332
2021-09-23,baseline,515.4372
2021-09-24,baseline,521.4769
2021-09-25,baseline,462.8918
2021-09-26,baseline,483.4268
2021-09-27,baseline,556.5071
2021-09-28,baseline,526.3086
2021-09-29,baseline,511.2094
2021-09-30,baseline,538.992
2021-10-01,baseline,498.526
2021-10-02,baseline,493.6942
2021-10-03,baseline,490.0704
2021-10-04,baseline,442.9608
2021-10-05,baseline,522.6848
2021-10-06,baseline,485.8426
2021-10-07,baseline,486.4466
2021-10-08,baseline,476.7831
2021-10-09,baseline,465.3077
2021-10-10,baseline,413.3663
2021-10-11,baseline,484.0307
2021-10-12,baseline,542.6158
2021-10-13,baseline,503.9617
2021-10-14,baseline,462.8918
2021-10-15,baseline,441.1489
2021-10-16,baseline,467.7235
2021-10-17,baseline,475.5751
2021-10-18,baseline,458.06
2021-10-19,baseline,484.6347
2021-10-20,baseline,427.8615
2021-10-21,baseline,486.4466
2021-10-22,baseline,456.2481
2021-10-23,baseline,432.6933
2021-10-24,baseline,438.129
2021-10-25,baseline,455.0402
2021-10-26,baseline,465.3077
2021-10-27,baseline,441.7528
2021-10-28,baseline,454.4362
2021-10-29,baseline,506.9816
2021-10-30,baseline,382.5638
2021-10-31,baseline,369.2765
2021-11-01,baseline,430.2774
2021-11-02,baseline,395.8511
2021-11-03,baseline,426.0496
2021-11-04,baseline,371.6924
2021-11-05,baseline,421.8218
2021-11-06,baseline,455.0402
2021-11-07,baseline,446.5846
2021-11-08,baseline,377.732
2021-11-09,baseline,399.475
2021-11-10,baseline,433.2973
2021-11-11,baseline,459.268
2021-11-12,baseline,372.9003
2021-11-13,baseline,374.1082
2021-11-14,baseline,431.4854
2021-11-15,baseline,384.3757
2021-11-16,baseline,362.0288
2021-11-17,baseline,423.0298
2021-11-18,baseline,338.474
2021-11-19,baseline,366.2566
2021-11-20,baseline,413.9702
2021-11-21,baseline,363.8407
2021-11-22,baseline,403.7027
2021-11-23,baseline,341.4939
2021-11-24,baseline,400.0789
2021-11-25,baseline,389.2075
2021-11-26,baseline,421.8218
2021-11-27,baseline,363.8407
2021-11-28,baseline,358.405
2021-11-29,baseline,364.4447
2021-11-30,baseline,397.0591
2021-12-01,baseline,341.4939
2021-12-02,baseline,357.801
2021-12-03,baseline,419.406
2021-12-04,baseline,382.5638
2021-12-05,baseline,378.94
2021-12-06,baseline,339.682
2021-12-07,baseline,380.1479
2021-12-08,baseline,317.3351
2021-12-09,baseline,305.8596
2021-12-10,baseline,320.9589
2021-12-11,baseline,391.0194
2021-12-12,baseline,351.7613
2021-12-13,baseline,317.3351
2021-12-14,baseline,333.0383
2021-12-15,baseline,356.5931
2021-12-16,baseline,377.1281
2021-12-17,baseline,290.7604
2021-12-18,baseline,379.544
2021-12-19,baseline,366.2566
2021-12-20,baseline,316.1271
2021-12-21,baseline,323.9787
2021-12-22,baseline,349.9494
2021-12-23,baseline,325.1867
2021-12-24,baseline,337.2661
2021-12-25,baseline,299.8199
2021-12-26,baseline,276.2651
2021-12-27,baseline,403.7027
2021-12-28,baseline,334.8502
2021-12-29,baseline,335.4542
2021-12-30,baseline,343.3058
2021-12-31,baseline,368.0685
2022-01-01,reporting,294.9882
2022-01-02,reporting,336.0581
2022-01-03,reporting,327.6026
2022-01-04,reporting,301.6319
2022-01-05,reporting,280.4929
2022-01-06,reporting,321.5629
2022-01-07,reporting,314.9192
2022-01-08,reporting,358.405
2022-01-09,reporting,325.1867
2022-01-10,reporting,287.7406
2022-01-11,reporting,298.008
2022-01-12,reporting,318.543
2022-01-13,reporting,349.9494
2022-01-14,reporting,282.3048
2022-01-15,reporting,327.6026
2022-01-16,reporting,360.8209
2022-01-17,reporting,273.8492
2022-01-18,reporting,364.4447
2022-01-19,reporting,302.8398
2022-01-20,reporting,318.543
2022-01-21,reporting,304.0477
2022-01-22,reporting,332.4343
2022-01-23,reporting,337.2661
2022-01-24,reporting,338.474
2022-01-25,reporting,410.9504
2022-01-26,reporting,244.8587
2022-01-27,reporting,307.6716
2022-01-28,reporting,282.3048
2022-01-29,reporting,317.939
2022-01-30,reporting,302.8398
2022-01-31,reporting,317.939
2022-02-01,reporting,325.7906
2022-02-02,reporting,308.8795
2022-02-03,reporting,357.801
2022-02-04,reporting,282.9088
2022-02-05,reporting,313.7113
2022-02-06,reporting,332.4343
2022-02-07,reporting,375.3162
2022-02-08,reporting,291.3644
2022-02-09,reporting,295.5922
2022-02-10,reporting,352.3653
2022-02-11,reporting,339.078
2022-02-12,reporting,293.1763
2022-02-13,reporting,375.3162
2022-02-14,reporting,348.7415
2022-02-15,reporting,331.2264
2022-02-16,reporting,332.4343
2022-02-17,reporting,347.5336
2022-02-18,reporting,334.2462
2022-02-19,reporting,357.801
2022-02-20,reporting,359.009
2022-02-21,reporting,316.1271
2022-02-22,reporting,302.8398
2022-02-23,reporting,403.0988
2022-02-24,reporting,338.474
2022-02-25,reporting,410.3464
2022-02-26,reporting,363.2368
2022-02-27,reporting,276.8691
2022-02-28,reporting,370.4844
2022-03-01,reporting,336.6621
2022-03-02,reporting,295.5922
2022-03-03,reporting,366.8606
2022-03-04,reporting,334.2462
2022-03-05,reporting,363.8407
2022-03-06,reporting,407.9305
2022-03-07,reporting,398.267
2022-03-08,reporting,377.732
2022-03-09,reporting,380.7519
2022-03-10,reporting,382.5638
2022-03-11,reporting,361.4249
2022-03-12,reporting,352.3653
2022-03-13,reporting,371.6924
2022-03-14,reporting,392.2273
2022-03-15,reporting,364.4447
2022-03-16,reporting,383.7717
2022-03-17,reporting,394.0392
2022-03-18,reporting,366.8606
2022-03-19,reporting,430.2774
2022-03-20,reporting,439.337
2022-03-21,reporting,407.9305
2022-03-22,reporting,375.3162
2022-03-23,reporting,346.3256
2022-03-24,reporting,331.2264
2022-03-25,reporting,447.1886
2022-03-26,reporting,420.0099
2022-03-27,reporting,397.6631
2022-03-28,reporting,371.6924
2022-03-29,reporting,415.1782
2022-03-30,reporting,451.4164
2022-03-31,reporting,435.1092
2022-04-01,reporting,395.2472
2022-04-02,reporting,523.2888
2022-04-03,reporting,449.0005
2022-04-04,reporting,395.8511
2022-04-05,reporting,449.6044
2022-04-06,reporting,452.6243
2022-04-07,reporting,465.3077
2022-04-08,reporting,456.2481
2022-04-09,reporting,409.1385
2022-04-10,reporting,461.6838
2022-04-11,reporting,427.8615
2022-04-12,reporting,459.268
2022-04-13,reporting,456.2481
2022-04-14,reporting,481.0109
2022-04-15,reporting,470.1394
2022-04-16,reporting,455.0402
2022-04-17,reporting,549.8634
2022-04-18,reporting,459.8719
2022-04-19,reporting,461.6838
2022-04-20,reporting,490.0704
2022-04-21,reporting,493.0903
2022-04-22,reporting,511.2094
2022-04-23,reporting,438.129
2022-04-24,reporting,468.3275
2022-04-25,reporting,522.0808
2022-04-26,reporting,499.13
2022-04-27,reporting,502.1498
2022-04-28,reporting,451.4164
2022-04-29,reporting,453.2283
2022-04-30,reporting,474.3672
2022-05-01,reporting,509.3975
2022-05-02,reporting,529.3285
2022-05-03,reporting,534.7642
2022-05-04,reporting,450.8124
2022-05-05,reporting,510.0014
2022-05-06,reporting,516.6451
2022-05-07,reporting,503.9617
2022-05-08,reporting,506.3776
2022-05-09,reporting,488.2585
2022-05-10,reporting,512.4173
2022-05-11,reporting,452.0203
2022-05-12,reporting,567.3786
2022-05-13,reporting,535.9721
2022-05-14,reporting,577.646
2022-05-15,reporting,508.7935
2022-05-16,reporting,482.8228
2022-05-17,reporting,594.5572
2022-05-18,reporting,473.7632
2022-05-19,reporting,504.5657
2022-05-20,reporting,568.5865
2022-05-21,reporting,590.9334
2022-05-22,reporting,527.5165
2022-05-23,reporting,544.4277
2022-05-24,reporting,545.0317
2022-05-25,reporting,571.6063
2022-05-26,reporting,529.3285
2022-05-27,reporting,577.646
2022-05-28,reporting,588.5175
2022-05-29,reporting,559.5269
2022-05-30,reporting,567.9825
2022-05-31,reporting,638.043
2022-06-01,reporting,578.25
2022-06-02,reporting,557.715
2022-06-03,reporting,605.4286
2022-06-04,reporting,611.4683
2022-06-05,reporting,554.0912
2022-06-06,reporting,546.8436
2022-06-07,reporting,623.5477
2022-06-08,reporting,618.112
2022-06-09,reporting,622.9438
2022-06-10,reporting,634.4192
2022-06-11,reporting,549.8634
2022-06-12,reporting,536.5761
2022-06-13,reporting,619.32
2022-06-14,reporting,618.716
2022-06-15,reporting,595.7651
2022-06-16,reporting,614.4882
2022-06-17,reporting,569.7944
2022-06-18,reporting,563.1508
2022-06-19,reporting,592.1413
2022-06-20,reporting,609.6564
2022-06-21,reporting,616.9041
2022-06-22,reporting,595.7651
2022-06-23,reporting,618.112
2022-06-24,reporting,638.043
2022-06-25,reporting,616.3001
2022-06-26,reporting,587.9135
2022-06-27,reporting,655.5581
2022-06-28,reporting,568.5865
2022-06-29,reporting,611.4683
2022-06-30,reporting,664.0137
2022-07-01,reporting,681.5288
2022-07-02,reporting,656.7661
2022-07-03,reporting,594.5572
2022-07-04,reporting,554.0912
2022-07-05,reporting,594.5572
2022-07-06,reporting,607.8445
2022-07-07,reporting,613.8842
2022-07-08,reporting,579.4579
2022-07-09,reporting,595.1612
2022-07-10,reporting,618.112
2022-07-11,reporting,613.8842
2022-07-12,reporting,651.3304
2022-07-13,reporting,629.5874
2022-07-14,reporting,630.1914
2022-07-15,reporting,596.3691
2022-07-16,reporting,615.0922
2022-07-17,reporting,553.4872
2022-07-18,reporting,599.9929
2022-07-19,reporting,563.7547
2022-07-20,reporting,616.9041
2022-07-21,reporting,628.9835
2022-07-22,reporting,615.6961
2022-07-23,reporting,657.974
2022-07-24,reporting,590.9334
2022-07-25,reporting,607.8445
2022-07-26,reporting,593.9532
2022-07-27,reporting,600.5969
2022-07-28,reporting,649.5184
2022-07-29,reporting,567.3786
2022-07-30,reporting,658.578
2022-07-31,reporting,649.5184
2022-08-01,reporting,625.3597
2022-08-02,reporting,595.7651
2022-08-03,reporting,613.2803
2022-08-04,reporting,593.3493
2022-08-05,reporting,648.9145
2022-08-06,reporting,569.1905
2022-08-07,reporting,572.8143
2022-08-08,reporting,603.0128
2022-08-09,reporting,524.4967
2022-08-10,reporting,644.0827
2022-08-11,reporting,589.1215
2022-08-12,reporting,620.5279
2022-08-13,reporting,601.8048
2022-08-14,reporting,542.0118
2022-08-15,reporting,595.1612
2022-08-16,reporting,605.4286
2022-08-17,reporting,555.2992
2022-08-18,reporting,559.5269
2022-08-19,reporting,557.1111
2022-08-20,reporting,610.8644
2022-08-21,reporting,548.0515
2022-08-22,reporting,557.1111
2022-08-23,reporting,580.6659
2022-08-24,reporting,585.4976
2022-08-25,reporting,561.3389
2022-08-26,reporting,625.9636
2022-08-27,reporting,625.3597
2022-08-28,reporting,536.5761
2022-08-29,reporting,627.7755
2022-08-30,reporting,585.4976
2022-08-31,reporting,589.7254
2022-09-01,reporting,591.5373
2022-09-02,reporting,524.4967
2022-09-03,reporting,525.7046
2022-09-04,reporting,577.0421
2022-09-05,reporting,538.388
2022-09-06,reporting,642.8748
2022-09-07,reporting,543.2198
2022-09-08,reporting,583.6857
2022-09-09,reporting,523.2888
2022-09-10,reporting,616.3001
2022-09-11,reporting,606.0326
2022-09-12,reporting,500.9419
2022-09-13,reporting,555.2992
2022-09-14,reporting,545.0317
2022-09-15,reporting,587.3096
2022-09-16,reporting,464.7037
2022-09-17,reporting,525.7046
2022-09-18,reporting,560.1309
2022-09-19,reporting,519.6649
2022-09-20,reporting,508.1895
2022-09-21,reporting,480.4069
2022-09-22,reporting,533.5562
2022-09-23,reporting,513.6252
2022-09-24,reporting,473.1593
2022-09-25,reporting,519.061
2022-09-26,reporting,490.6744
2022-09-27,reporting,519.061
2022-09-28,reporting,530.5364
2022-09-29,reporting,538.992
2022-09-30,reporting,514.2292
2022-10-01,reporting,470.1394
2022-10-02,reporting,491.8823
2022-10-03,reporting,484.6347
2022-10-04,reporting,525.1007
2022-10-05,reporting,469.5355
2022-10-06,reporting,535.3682
2022-10-07,reporting,485.2387
2022-10-08,reporting,504.5657
2022-10-09,reporting,467.7235
2022-10-10,reporting,516.6451
2022-10-11,reporting,458.664
2022-10-12,reporting,524.4967
2022-10-13,reporting,484.6347
2022-10-14,reporting,493.6942
2022-10-15,reporting,484.0307
2022-10-16,reporting,439.9409
2022-10-17,reporting,504.5657
2022-10-18,reporting,412.1583
2022-10-19,reporting,459.8719
2022-10-20,reporting,478.595
2022-10-21,reporting,483.4268
2022-10-22,reporting,430.2774
2022-10-23,reporting,432.0893
2022-10-24,reporting,437.5251
2022-10-25,reporting,410.9504
2022-10-26,reporting,431.4854
2022-10-27,reporting,409.1385
2022-10-28,reporting,449.0005
2022-10-29,reporting,425.4457
2022-10-30,reporting,404.3067
2022-10-31,reporting,404.3067
2022-11-01,reporting,428.4655
2022-11-02,reporting,397.0591
2022-11-03,reporting,377.1281
2022-11-04,reporting,383.7717
2022-11-05,reporting,421.8218
2022-11-06,reporting,357.1971
2022-11-07,reporting,412.7623
2022-11-08,reporting,432.6933
2022-11-09,reporting,386.1876
2022-11-10,reporting,393.4353
2022-11-11,reporting,355.3852
2022-11-12,reporting,368.0685
2022-11-13,reporting,378.336
2022-11-14,reporting,403.7027
2022-11-15,reporting,379.544
2022-11-16,reporting,354.7812
2022-11-17,reporting,370.4844
2022-11-18,reporting,348.1375
2022-11-19,reporting,435.7131
2022-11-20,reporting,361.4249
2022-11-21,reporting,425.4457
2022-11-22,reporting,328.2065
2022-11-23,reporting,345.1177
2022-11-24,reporting,416.9901
2022-11-25,reporting,362.6328
2022-11-26,reporting,435.1092
2022-11-27,reporting,392.8313
2022-11-28,reporting,408.5345
2022-11-29,reporting,316.7311
2022-11-30,reporting,368.6725
2022-12-01,reporting,350.5534
2022-12-02,reporting,408.5345
2022-12-03,reporting,343.9097
2022-12-04,reporting,355.9891
2022-12-05,reporting,329.4145
2022-12-06,reporting,301.6319
2022-12-07,reporting,368.6725
2022-12-08,reporting,337.87
2022-12-09,reporting,357.801
2022-12-10,reporting,315.5232
2022-12-11,reporting,342.0978
2022-12-12,reporting,316.1271
2022-12-13,reporting,325.1867
2022-12-14,reporting,344.5137
2022-12-15,reporting,321.5629
2022-12-16,reporting,353.5733
2022-12-17,reporting,300.4239
2022-12-18,reporting,321.5629
2022-12-19,reporting,372.9003
2022-12-20,reporting,309.4835
2022-12-21,reporting,276.2651
2022-12-22,reporting,368.0685
2022-12-23,reporting,324.5827
2022-12-24,reporting,296.1961
2022-12-25,reporting,291.3644
2022-12-26,reporting,343.3058
2022-12-27,reporting,290.1564
2022-12-28,reporting,272.0373
2022-12-29,reporting,342.7018
2022-12-30,reporting,329.4145
2022-12-31,reporting,340.2859
