date,period,oat_f,energy
2021-01-01,baseline,34.3,586.03
2021-01-02,baseline,40.8,554.54
2021-01-03,baseline,44.4,479.81
2021-01-04,baseline,34.1,605.26
2021-01-05,baseline,33.1,585.69
2021-01-06,baseline,39.6,580.44
2021-01-07,baseline,34.5,635.0
2021-01-08,baseline,38.2,575.77
2021-01-09,baseline,42.1,537.58
2021-01-10,baseline,36.9,552.84
2021-01-11,baseline,39.5,524.42
2021-01-12,baseline,22.4,748.49
2021-01-13,baseline,39.3,538.27
2021-01-14,baseline,33.2,588.97
2021-01-15,baseline,29.3,661.49
2021-01-16,baseline,33.3,626.38
2021-01-17,baseline,28.1,667.56
2021-01-18,baseline,28.2,699.83
2021-01-19,baseline,23.9,729.45
2021-01-20,baseline,30.9,630.13
2021-01-21,baseline,27.3,665.57
2021-01-22,baseline,30.2,625.26
2021-01-23,baseline,38.3,567.35
2021-01-24,baseline,34.6,567.43
2021-01-25,baseline,27.9,687.28
2021-01-26,baseline,36.7,581.6
2021-01-27,baseline,39.5,511.04
2021-01-28,baseline,34.8,604.83
2021-01-29,baseline,34.8,594.81
2021-01-30,baseline,34.3,634.95
2021-01-31,baseline,29.8,662.49
2021-02-01,baseline,40.2,526.27
2021-02-02,baseline,37.5,572.26
2021-02-03,baseline,34.8,619.72
2021-02-04,baseline,35.1,574.12
2021-02-05,baseline,34.7,580.46
2021-02-06,baseline,43.1,511.29
2021-02-07,baseline,34.3,640.37
2021-02-08,baseline,27.4,657.49
2021-02-09,baseline,36.8,601.16
2021-02-10,baseline,40.7,533.78
2021-02-11,baseline,39.8,551.08
2021-02-12,baseline,34.7,608.38
2021-02-13,baseline,28.6,661.71
2021-02-14,baseline,47.4,432.57
2021-02-15,baseline,32.2,670.13
2021-02-16,baseline,38.1,530.24
2021-02-17,baseline,36.8,573.2
2021-02-18,baseline,34.5,628.15
2021-02-19,baseline,35.8,580.98
2021-02-20,baseline,32.6,636.24
2021-02-21,baseline,33.8,608.34
2021-02-22,baseline,36.1,564.39
2021-02-23,baseline,38.2,565.1
2021-02-24,baseline,51.4,395.91
2021-02-25,baseline,34.3,588.79
2021-02-26,baseline,45.3,482.41
2021-02-27,baseline,40.2,523.34
2021-02-28,baseline,38.1,559.7
2021-03-01,baseline,33.2,603.93
2021-03-02,baseline,40.3,557.38
2021-03-03,baseline,35.7,601.79
2021-03-04,baseline,42.6,506.53
2021-03-05,baseline,43.3,489.28
2021-03-06,baseline,35.8,578.04
2021-03-07,baseline,48.0,432.32
2021-03-08,baseline,41.7,493.86
2021-03-09,baseline,43.1,523.69
2021-03-10,baseline,44.7,458.51
2021-03-11,baseline,41.8,527.48
2021-03-12,baseline,49.3,437.3
2021-03-13,baseline,52.6,375.34
2021-03-14,baseline,45.8,459.45
2021-03-15,baseline,50.0,385.53
2021-03-16,baseline,55.3,347.03
2021-03-17,baseline,49.7,402.82
2021-03-18,baseline,45.5,482.13
2021-03-19,baseline,53.1,360.67
2021-03-20,baseline,48.1,421.65
2021-03-21,baseline,46.9,460.64
2021-03-22,baseline,40.9,485.39
2021-03-23,baseline,49.3,405.34
2021-03-24,baseline,44.6,497.84
2021-03-25,baseline,50.5,400.95
2021-03-26,baseline,38.9,559.58
2021-03-27,baseline,44.0,424.01
2021-03-28,baseline,57.7,336.17
2021-03-29,baseline,59.5,345.93
2021-03-30,baseline,52.9,346.79
2021-03-31,baseline,52.8,392.65
2021-04-01,baseline,40.0,500.53
2021-04-02,baseline,54.4,344.51
2021-04-03,baseline,49.0,426.8
2021-04-04,baseline,41.7,510.11
2021-04-05,baseline,47.9,428.42
2021-04-06,baseline,48.0,413.89
2021-04-07,baseline,57.2,350.93
2021-04-08,baseline,55.2,332.42
2021-04-09,baseline,66.8,375.32
2021-04-10,baseline,62.6,342.19
2021-04-11,baseline,55.9,328.6
2021-04-12,baseline,58.8,368.93
2021-04-13,baseline,50.2,439.85
2021-04-14,baseline,61.3,355.97
2021-04-15,baseline,55.7,337.69
2021-04-16,baseline,58.7,317.85
2021-04-17,baseline,60.0,335.45
2021-04-18,baseline,59.0,364.73
2021-04-19,baseline,57.1,359.34
2021-04-20,baseline,63.4,312.69
2021-04-21,baseline,63.9,352.43
2021-04-22,baseline,47.7,402.28
2021-04-23,baseline,57.8,360.01
2021-04-24,baseline,60.3,380.6
2021-04-25,baseline,58.7,342.74
2021-04-26,baseline,62.9,368.08
2021-04-27,baseline,66.9,337.49
2021-04-28,baseline,63.6,343.72
2021-04-29,baseline,62.5,363.5
2021-04-30,baseline,69.0,384.15
2021-05-01,baseline,66.1,339.21
2021-05-02,baseline,66.2,372.85
2021-05-03,baseline,75.7,486.07
2021-05-04,baseline,71.1,342.88
2021-05-05,baseline,61.0,358.63
2021-05-06,baseline,73.3,455.35
2021-05-07,baseline,63.1,290.64
2021-05-08,baseline,68.3,350.14
2021-05-09,baseline,58.1,363.45
2021-05-10,baseline,73.0,442.37
2021-05-11,baseline,59.4,333.7
2021-05-12,baseline,70.8,381.0
2021-05-13,baseline,79.6,558.03
2021-05-14,baseline,72.3,420.33
2021-05-15,baseline,69.7,392.94
2021-05-16,baseline,64.7,355.25
2021-05-17,baseline,68.5,389.29
2021-05-18,baseline,74.9,463.73
2021-05-19,baseline,58.8,360.17
2021-05-20,baseline,65.3,360.15
2021-05-21,baseline,77.5,521.86
2021-05-22,baseline,69.1,385.39
2021-05-23,baseline,77.5,490.38
2021-05-24,baseline,75.3,475.22
2021-05-25,baseline,67.7,387.99
2021-05-26,baseline,71.9,432.83
2021-05-27,baseline,80.1,569.63
2021-05-28,baseline,71.6,436.41
2021-05-29,baseline,73.4,445.28
2021-05-30,baseline,76.7,485.71
2021-05-31,baseline,71.4,415.8
2021-06-01,baseline,73.0,457.8
2021-06-02,baseline,77.4,513.11
2021-06-03,baseline,74.1,491.35
2021-06-04,baseline,75.4,488.61
2021-06-05,baseline,79.0,547.63
2021-06-06,baseline,85.4,651.97
2021-06-07,baseline,76.1,536.72
2021-06-08,baseline,73.7,498.95
2021-06-09,baseline,92.2,762.8
2021-06-10,baseline,82.4,608.83
2021-06-11,baseline,67.9,335.74
2021-06-12,baseline,75.5,508.41
2021-06-13,baseline,69.8,381.37
2021-06-14,baseline,82.3,626.52
2021-06-15,baseline,72.7,432.79
2021-06-16,baseline,76.4,483.09
2021-06-17,baseline,87.7,735.8
2021-06-18,baseline,76.0,497.86
2021-06-19,baseline,79.6,555.96
2021-06-20,baseline,81.6,578.6
2021-06-21,baseline,85.2,666.58
2021-06-22,baseline,85.6,690.95
2021-06-23,baseline,88.0,705.28
2021-06-24,baseline,77.1,559.53
2021-06-25,baseline,82.9,652.2
2021-06-26,baseline,71.8,423.15
2021-06-27,baseline,80.8,593.96
2021-06-28,baseline,79.9,558.81
2021-06-29,baseline,90.0,758.82
2021-06-30,baseline,82.7,594.48
2021-07-01,baseline,79.3,534.73
2021-07-02,baseline,79.3,602.02
2021-07-03,baseline,76.6,511.2
2021-07-04,baseline,78.8,562.89
2021-07-05,baseline,77.8,512.8
2021-07-06,baseline,81.4,601.89
2021-07-07,baseline,78.5,538.04
2021-07-08,baseline,81.6,554.72
2021-07-09,baseline,86.9,685.74
2021-07-10,baseline,75.8,491.17
2021-07-11,baseline,77.7,522.95
2021-07-12,baseline,75.1,500.14
2021-07-13,baseline,92.2,798.03
2021-07-14,baseline,90.3,724.24
2021-07-15,baseline,84.4,631.31
2021-07-16,baseline,82.1,600.62
2021-07-17,baseline,76.9,511.42
2021-07-18,baseline,87.0,691.53
2021-07-19,baseline,82.3,579.92
2021-07-20,baseline,83.9,639.76
2021-07-21,baseline,82.2,598.47
2021-07-22,baseline,67.0,305.96
2021-07-23,baseline,73.1,395.71
2021-07-24,baseline,78.9,514.84
2021-07-25,baseline,84.3,624.9
2021-07-26,baseline,76.3,471.16
2021-07-27,baseline,82.3,585.92
2021-07-28,baseline,79.5,528.0
2021-07-29,baseline,75.6,474.72
2021-07-30,baseline,84.4,653.83
2021-07-31,baseline,75.2,486.72
2021-08-01,baseline,74.4,430.37
2021-08-02,baseline,89.5,752.37
2021-08-03,baseline,88.3,741.83
2021-08-04,baseline,82.0,586.34
2021-08-05,baseline,86.5,717.0
2021-08-06,baseline,77.0,512.12
2021-08-07,baseline,79.1,526.22
2021-08-08,baseline,82.2,634.18
2021-08-09,baseline,82.1,599.87
2021-08-10,baseline,83.0,609.6
2021-08-11,baseline,73.1,478.77
2021-08-12,baseline,84.7,679.0
2021-08-13,baseline,73.9,449.87
2021-08-14,baseline,79.0,534.22
2021-08-15,baseline,92.6,791.96
2021-08-16,baseline,84.2,645.14
2021-08-17,baseline,76.2,514.34
2021-08-18,baseline,80.4,523.07
2021-08-19,baseline,74.6,475.33
2021-08-20,baseline,74.7,474.82
2021-08-21,baseline,73.7,445.47
2021-08-22,baseline,75.9,495.51
2021-08-23,baseline,77.5,534.34
2021-08-24,baseline,80.6,545.73
2021-08-25,baseline,88.2,686.47
2021-08-26,baseline,79.2,547.79
2021-08-27,baseline,78.0,524.17
2021-08-28,baseline,70.4,390.48
2021-08-29,baseline,82.6,618.6
2021-08-30,baseline,76.5,542.68
2021-08-31,baseline,83.6,621.16
2021-09-01,baseline,75.7,492.16
2021-09-02,baseline,83.6,646.62
2021-09-03,baseline,71.7,408.27
2021-09-04,baseline,72.5,421.13
2021-09-05,baseline,73.0,444.45
2021-09-06,baseline,72.3,434.13
2021-09-07,baseline,74.9,456.75
2021-09-08,baseline,73.9,464.63
2021-09-09,baseline,62.3,355.87
2021-09-10,baseline,66.1,353.76
2021-09-11,baseline,67.4,366.93
2021-09-12,baseline,74.0,428.26
2021-09-13,baseline,69.0,381.67
2021-09-14,baseline,73.8,442.17
2021-09-15,baseline,73.3,441.25
2021-09-16,baseline,70.7,390.51
2021-09-17,baseline,59.0,327.61
2021-09-18,baseline,79.0,554.05
2021-09-19,baseline,71.3,446.22
2021-09-20,baseline,66.0,352.06
2021-09-21,baseline,70.2,412.35
2021-09-22,baseline,65.7,332.89
2021-09-23,baseline,68.2,338.06
2021-09-24,baseline,63.4,347.6
2021-09-25,baseline,78.0,516.9
2021-09-26,baseline,65.5,333.61
2021-09-27,baseline,68.8,376.48
2021-09-28,baseline,62.8,357.93
2021-09-29,baseline,70.1,402.58
2021-09-30,baseline,73.0,440.54
2021-10-01,baseline,66.5,344.43
2021-10-02,baseline,61.0,340.12
2021-10-03,baseline,66.0,369.01
2021-10-04,baseline,63.5,347.02
2021-10-05,baseline,68.3,377.32
2021-10-06,baseline,65.0,368.91
2021-10-07,baseline,64.9,391.85
2021-10-08,baseline,61.7,342.57
2021-10-09,baseline,61.0,377.44
2021-10-10,baseline,61.9,328.61
2021-10-11,baseline,67.8,377.13
2021-10-12,baseline,60.7,365.12
2021-10-13,baseline,63.3,376.77
2021-10-14,baseline,57.4,315.32
2021-10-15,baseline,57.6,382.36
2021-10-16,baseline,52.6,376.28
2021-10-17,baseline,57.2,346.13
2021-10-18,baseline,54.3,328.84
2021-10-19,baseline,45.8,445.86
2021-10-20,baseline,51.8,413.17
2021-10-21,baseline,48.3,464.25
2021-10-22,baseline,53.9,374.09
2021-10-23,baseline,52.8,364.15
2021-10-24,baseline,60.8,362.97
2021-10-25,baseline,54.6,325.34
2021-10-26,baseline,50.6,397.71
2021-10-27,baseline,50.9,386.08
2021-10-28,baseline,50.6,424.65
2021-10-29,baseline,49.9,380.73
2021-10-30,baseline,54.3,350.0
2021-10-31,baseline,48.7,432.8
2021-11-01,baseline,52.5,391.73
2021-11-02,baseline,55.8,323.74
2021-11-03,baseline,47.8,425.22
2021-11-04,baseline,50.0,367.66
2021-11-05,baseline,58.1,366.14
2021-11-06,baseline,52.0,376.13
2021-11-07,baseline,47.3,433.74
2021-11-08,baseline,51.7,376.82
2021-11-09,baseline,47.0,475.36
2021-11-10,baseline,43.7,483.25
2021-11-11,baseline,51.8,369.74
2021-11-12,baseline,42.4,520.48
2021-11-13,baseline,43.2,502.71
2021-11-14,baseline,45.4,463.42
2021-11-15,baseline,50.0,391.26
2021-11-16,baseline,48.7,425.49
2021-11-17,baseline,42.0,515.51
2021-11-18,baseline,44.6,471.15
2021-11-19,baseline,42.6,496.14
2021-11-20,baseline,48.1,450.58
2021-11-21,baseline,45.2,450.98
2021-11-22,baseline,39.9,545.07
2021-11-23,baseline,47.1,437.12
2021-11-24,baseline,36.1,552.5
2021-11-25,baseline,40.5,540.32
2021-11-26,baseline,32.5,634.86
2021-11-27,baseline,46.4,438.18
2021-11-28,baseline,40.6,508.0
2021-11-29,baseline,44.1,503.84
2021-11-30,baseline,54.3,362.08
2021-12-01,baseline,42.0,471.61
2021-12-02,baseline,41.4,497.28
2021-12-03,baseline,37.3,570.27
2021-12-04,baseline,41.0,508.09
2021-12-05,baseline,37.2,582.83
2021-12-06,baseline,41.9,500.18
2021-12-07,baseline,41.3,526.31
2021-12-08,baseline,39.9,533.42
2021-12-09,baseline,37.2,571.97
2021-12-10,baseline,37.2,567.71
2021-12-11,baseline,37.4,563.13
2021-12-12,baseline,36.6,548.47
2021-12-13,baseline,39.7,558.31
2021-12-14,baseline,33.4,601.11
2021-12-15,baseline,35.3,566.35
2021-12-16,baseline,38.3,581.94
2021-12-17,baseline,44.6,464.52
2021-12-18,baseline,37.5,589.8
2021-12-19,baseline,34.8,552.53
2021-12-20,baseline,34.3,606.63
2021-12-21,baseline,42.7,499.56
2021-12-22,baseline,32.0,612.55
2021-12-23,baseline,32.1,648.27
2021-12-24,baseline,34.0,583.55
2021-12-25,baseline,30.7,644.95
2021-12-26,baseline,32.8,608.05
2021-12-27,baseline,36.3,592.47
2021-12-28,baseline,33.1,593.21
2021-12-29,baseline,24.9,716.37
2021-12-30,baseline,36.2,579.22
2021-12-31,baseline,38.3,511.6
2022-01-01,reporting,50.3,415.53
2022-01-02,reporting,36.0,578.37
2022-01-03,reporting,37.0,567.32
2022-01-04,reporting,38.6,534.23
2022-01-05,reporting,32.8,605.52
2022-01-06,reporting,32.0,622.19
2022-01-07,reporting,23.4,737.52
2022-01-08,reporting,31.7,595.53
2022-01-09,reporting,33.9,592.89
2022-01-10,reporting,37.0,547.13
2022-01-11,reporting,34.7,580.94
2022-01-12,reporting,35.4,561.54
2022-01-13,reporting,35.0,579.17
2022-01-14,reporting,36.0,578.74
2022-01-15,reporting,36.0,560.21
2022-01-16,reporting,35.0,604.5
2022-01-17,reporting,38.6,554.12
2022-01-18,reporting,26.6,685.51
2022-01-19,reporting,32.3,643.92
2022-01-20,reporting,37.9,540.57
2022-01-21,reporting,34.0,597.35
2022-01-22,reporting,29.8,629.76
2022-01-23,reporting,33.1,581.8
2022-01-24,reporting,33.7,639.1
2022-01-25,reporting,35.1,581.43
2022-01-26,reporting,44.6,453.89
2022-01-27,reporting,41.8,508.61
2022-01-28,reporting,32.6,624.75
2022-01-29,reporting,36.0,557.0
2022-01-30,reporting,45.0,464.98
2022-01-31,reporting,33.0,642.03
2022-02-01,reporting,39.2,555.92
2022-02-02,reporting,34.0,598.31
2022-02-03,reporting,30.9,613.16
2022-02-04,reporting,34.7,622.07
2022-02-05,reporting,36.2,601.04
2022-02-06,reporting,42.3,496.49
2022-02-07,reporting,32.4,617.06
2022-02-08,reporting,43.1,509.07
2022-02-09,reporting,35.6,605.46
2022-02-10,reporting,35.9,602.97
2022-02-11,reporting,32.0,633.04
2022-02-12,reporting,26.8,685.44
2022-02-13,reporting,37.5,561.0
2022-02-14,reporting,33.6,600.05
2022-02-15,reporting,37.9,563.5
2022-02-16,reporting,36.4,600.92
2022-02-17,reporting,27.6,670.35
2022-02-18,reporting,35.1,570.86
2022-02-19,reporting,37.8,554.33
2022-02-20,reporting,38.2,566.97
2022-02-21,reporting,39.1,519.74
2022-02-22,reporting,38.7,545.21
2022-02-23,reporting,34.8,577.19
2022-02-24,reporting,38.9,521.84
2022-02-25,reporting,36.8,594.0
2022-02-26,reporting,39.6,536.73
2022-02-27,reporting,40.3,515.84
2022-02-28,reporting,40.2,528.28
2022-03-01,reporting,50.3,403.68
2022-03-02,reporting,35.6,589.42
2022-03-03,reporting,32.4,641.44
2022-03-04,reporting,44.0,470.08
2022-03-05,reporting,39.1,560.14
2022-03-06,reporting,43.4,482.55
2022-03-07,reporting,41.6,516.1
2022-03-08,reporting,44.5,454.64
2022-03-09,reporting,41.0,496.72
2022-03-10,reporting,41.0,523.05
2022-03-11,reporting,53.5,369.64
2022-03-12,reporting,50.3,400.8
2022-03-13,reporting,39.5,539.9
2022-03-14,reporting,43.2,471.91
2022-03-15,reporting,51.4,413.41
2022-03-16,reporting,46.4,485.51
2022-03-17,reporting,40.6,523.33
2022-03-18,reporting,48.5,438.03
2022-03-19,reporting,50.9,392.98
2022-03-20,reporting,45.8,475.03
2022-03-21,reporting,48.9,421.07
2022-03-22,reporting,45.3,458.84
2022-03-23,reporting,54.8,352.82
2022-03-24,reporting,58.9,337.52
2022-03-25,reporting,49.9,408.32
2022-03-26,reporting,46.9,456.15
2022-03-27,reporting,53.9,346.16
2022-03-28,reporting,51.4,404.71
2022-03-29,reporting,51.4,386.11
2022-03-30,reporting,46.7,458.3
2022-03-31,reporting,48.2,411.84
2022-04-01,reporting,47.2,421.39
2022-04-02,reporting,48.8,434.08
2022-04-03,reporting,51.9,379.04
2022-04-04,reporting,50.4,412.42
2022-04-05,reporting,62.6,381.44
2022-04-06,reporting,53.4,387.02
2022-04-07,reporting,52.3,376.3
2022-04-08,reporting,55.2,385.27
2022-04-09,reporting,60.2,334.92
2022-04-10,reporting,61.3,313.98
2022-04-11,reporting,50.8,447.44
2022-04-12,reporting,51.7,381.13
2022-04-13,reporting,52.1,402.83
2022-04-14,reporting,56.3,338.38
2022-04-15,reporting,57.8,367.61
2022-04-16,reporting,66.1,354.77
2022-04-17,reporting,65.8,402.28
2022-04-18,reporting,55.0,344.58
2022-04-19,reporting,47.5,468.51
2022-04-20,reporting,52.3,389.6
2022-04-21,reporting,55.8,369.32
2022-04-22,reporting,59.9,356.54
2022-04-23,reporting,63.6,353.4
2022-04-24,reporting,55.0,323.72
2022-04-25,reporting,65.7,361.87
2022-04-26,reporting,66.4,317.94
2022-04-27,reporting,50.6,404.01
2022-04-28,reporting,55.9,366.72
2022-04-29,reporting,71.6,415.07
2022-04-30,reporting,61.9,364.15
2022-05-01,reporting,63.7,375.87
2022-05-02,reporting,82.6,633.78
2022-05-03,reporting,66.0,353.03
2022-05-04,reporting,64.2,351.62
2022-05-05,reporting,54.2,378.92
2022-05-06,reporting,65.2,355.05
2022-05-07,reporting,68.1,349.56
2022-05-08,reporting,62.4,336.62
2022-05-09,reporting,74.5,465.97
2022-05-10,reporting,62.8,349.78
2022-05-11,reporting,74.4,451.9
2022-05-12,reporting,70.0,393.85
2022-05-13,reporting,65.8,355.9
2022-05-14,reporting,72.0,396.28
2022-05-15,reporting,76.7,483.87
2022-05-16,reporting,73.2,456.95
2022-05-17,reporting,63.2,367.04
2022-05-18,reporting,74.5,487.42
2022-05-19,reporting,69.2,377.02
2022-05-20,reporting,75.0,476.6
2022-05-21,reporting,75.7,473.83
2022-05-22,reporting,71.1,413.31
2022-05-23,reporting,76.9,484.48
2022-05-24,reporting,69.0,330.28
2022-05-25,reporting,78.6,541.11
2022-05-26,reporting,70.8,397.82
2022-05-27,reporting,76.9,537.26
2022-05-28,reporting,75.0,459.2
2022-05-29,reporting,71.1,391.85
2022-05-30,reporting,81.1,571.67
2022-05-31,reporting,67.4,331.85
2022-06-01,reporting,79.6,573.27
2022-06-02,reporting,73.5,458.03
2022-06-03,reporting,75.5,503.84
2022-06-04,reporting,76.0,484.27
2022-06-05,reporting,72.5,434.72
2022-06-06,reporting,78.5,560.69
2022-06-07,reporting,71.0,395.09
2022-06-08,reporting,62.9,328.43
2022-06-09,reporting,76.9,466.69
2022-06-10,reporting,70.0,391.8
2022-06-11,reporting,83.0,614.97
2022-06-12,reporting,77.2,477.77
2022-06-13,reporting,78.0,529.49
2022-06-14,reporting,72.3,448.59
2022-06-15,reporting,82.9,650.21
2022-06-16,reporting,74.9,458.66
2022-06-17,reporting,73.0,453.33
2022-06-18,reporting,72.0,426.85
2022-06-19,reporting,75.4,496.79
2022-06-20,reporting,85.0,658.39
2022-06-21,reporting,82.7,578.42
2022-06-22,reporting,79.7,588.21
2022-06-23,reporting,77.2,527.91
2022-06-24,reporting,79.1,546.09
2022-06-25,reporting,87.2,694.54
2022-06-26,reporting,82.3,607.33
2022-06-27,reporting,81.6,604.88
2022-06-28,reporting,88.4,728.27
2022-06-29,reporting,80.0,529.3
2022-06-30,reporting,81.6,587.22
2022-07-01,reporting,73.1,430.2
2022-07-02,reporting,77.9,534.09
2022-07-03,reporting,78.5,526.95
2022-07-04,reporting,80.8,575.45
2022-07-05,reporting,83.1,584.24
2022-07-06,reporting,78.1,517.62
2022-07-07,reporting,83.2,606.41
2022-07-08,reporting,85.7,682.63
2022-07-09,reporting,78.9,558.93
2022-07-10,reporting,81.8,620.52
2022-07-11,reporting,83.7,612.21
2022-07-12,reporting,74.6,465.84
2022-07-13,reporting,87.4,703.2
2022-07-14,reporting,79.2,576.77
2022-07-15,reporting,82.1,614.43
2022-07-16,reporting,73.4,465.69
2022-07-17,reporting,84.2,650.87
2022-07-18,reporting,84.2,676.23
2022-07-19,reporting,81.1,595.29
2022-07-20,reporting,77.4,520.87
2022-07-21,reporting,84.0,648.9
2022-07-22,reporting,74.2,484.19
2022-07-23,reporting,85.4,685.0
2022-07-24,reporting,85.3,641.37
2022-07-25,reporting,85.2,656.6
2022-07-26,reporting,87.6,687.6
2022-07-27,reporting,80.5,567.79
2022-07-28,reporting,82.9,593.88
2022-07-29,reporting,85.0,695.54
2022-07-30,reporting,84.0,638.8
2022-07-31,reporting,76.7,492.74
2022-08-01,reporting,80.2,557.22
2022-08-02,reporting,78.5,545.97
2022-08-03,reporting,82.1,586.18
2022-08-04,reporting,81.6,589.36
2022-08-05,reporting,85.6,674.89
2022-08-06,reporting,84.6,660.09
2022-08-07,reporting,86.2,677.05
2022-08-08,reporting,78.4,525.56
2022-08-09,reporting,87.3,748.48
2022-08-10,reporting,84.2,630.96
2022-08-11,reporting,95.5,842.42
2022-08-12,reporting,82.5,599.34
2022-08-13,reporting,68.5,394.12
2022-08-14,reporting,87.9,689.77
2022-08-15,reporting,73.6,450.89
2022-08-16,reporting,79.1,507.04
2022-08-17,reporting,77.5,508.25
2022-08-18,reporting,77.6,540.82
2022-08-19,reporting,86.4,671.22
2022-08-20,reporting,82.1,578.68
2022-08-21,reporting,80.2,549.92
2022-08-22,reporting,75.7,497.75
2022-08-23,reporting,76.2,515.86
2022-08-24,reporting,78.2,534.06
2022-08-25,reporting,78.9,525.29
2022-08-26,reporting,76.1,497.5
2022-08-27,reporting,67.4,347.18
2022-08-28,reporting,77.9,528.74
2022-08-29,reporting,75.9,513.85
2022-08-30,reporting,71.4,406.23
2022-08-31,reporting,77.9,504.34
2022-09-01,reporting,78.9,590.23
2022-09-02,reporting,73.4,417.86
2022-09-03,reporting,87.1,692.46
2022-09-04,reporting,69.4,381.03
2022-09-05,reporting,73.3,421.76
2022-09-06,reporting,74.6,512.99
2022-09-07,reporting,74.0,484.18
2022-09-08,reporting,78.5,532.2
2022-09-09,reporting,69.1,353.33
2022-09-10,reporting,67.2,363.86
2022-09-11,reporting,80.9,625.47
2022-09-12,reporting,71.1,434.65
2022-09-13,reporting,73.4,444.92
2022-09-14,reporting,74.1,478.67
2022-09-15,reporting,75.3,489.54
2022-09-16,reporting,72.7,439.95
2022-09-17,reporting,64.7,366.33
2022-09-18,reporting,67.8,350.89
2022-09-19,reporting,69.1,366.86
2022-09-20,reporting,71.6,436.88
2022-09-21,reporting,75.5,485.64
2022-09-22,reporting,62.9,356.34
2022-09-23,reporting,69.1,375.94
2022-09-24,reporting,67.7,342.32
2022-09-25,reporting,67.9,374.21
2022-09-26,reporting,56.0,353.6
2022-09-27,reporting,59.5,329.68
2022-09-28,reporting,63.8,351.72
2022-09-29,reporting,60.5,317.43
2022-09-30,reporting,61.9,368.07
2022-10-01,reporting,62.2,316.16
2022-10-02,reporting,66.0,351.67
2022-10-03,reporting,56.2,338.01
2022-10-04,reporting,55.8,359.05
2022-10-05,reporting,57.1,354.2
2022-10-06,reporting,65.3,355.03
2022-10-07,reporting,56.1,379.08
2022-10-08,reporting,66.1,329.06
2022-10-09,reporting,63.7,351.05
2022-10-10,reporting,60.8,323.08
2022-10-11,reporting,53.7,389.82
2022-10-12,reporting,59.1,371.6
2022-10-13,reporting,58.4,380.0
2022-10-14,reporting,56.2,370.08
2022-10-15,reporting,51.1,407.77
2022-10-16,reporting,54.0,348.44
2022-10-17,reporting,52.5,359.64
2022-10-18,reporting,53.3,395.12
2022-10-19,reporting,57.1,361.34
2022-10-20,reporting,52.3,358.17
2022-10-21,reporting,50.2,428.92
2022-10-22,reporting,63.1,340.08
2022-10-23,reporting,57.4,347.26
2022-10-24,reporting,64.2,360.13
2022-10-25,reporting,58.5,334.3
2022-10-26,reporting,50.9,422.37
2022-10-27,reporting,55.5,370.78
2022-10-28,reporting,53.7,357.92
2022-10-29,reporting,53.9,342.25
2022-10-30,reporting,54.4,365.8
2022-10-31,reporting,51.2,409.71
2022-11-01,reporting,55.4,399.89
2022-11-02,reporting,55.2,336.59
2022-11-03,reporting,40.4,545.11
2022-11-04,reporting,51.9,388.42
2022-11-05,reporting,51.8,394.99
2022-11-06,reporting,46.8,427.99
2022-11-07,reporting,56.1,352.94
2022-11-08,reporting,50.2,440.45
2022-11-09,reporting,54.7,355.8
2022-11-10,reporting,55.2,319.71
2022-11-11,reporting,53.8,368.25
2022-11-12,reporting,44.9,453.14
2022-11-13,reporting,46.7,444.4
2022-11-14,reporting,45.9,465.71
2022-11-15,reporting,40.3,508.35
2022-11-16,reporting,44.2,475.45
2022-11-17,reporting,48.4,465.34
2022-11-18,reporting,37.1,586.51
2022-11-19,reporting,47.0,435.16
2022-11-20,reporting,38.0,511.99
2022-11-21,reporting,37.0,559.67
2022-11-22,reporting,44.6,466.64
2022-11-23,reporting,37.4,550.7
2022-11-24,reporting,47.1,441.34
2022-11-25,reporting,46.3,436.97
2022-11-26,reporting,43.9,507.03
2022-11-27,reporting,38.6,537.9
2022-11-28,reporting,41.3,516.17
2022-11-29,reporting,47.0,480.81
2022-11-30,reporting,48.6,422.11
2022-12-01,reporting,36.7,550.05
2022-12-02,reporting,30.0,624.35
2022-12-03,reporting,38.6,554.97
2022-12-04,reporting,40.1,528.54
2022-12-05,reporting,40.8,551.28
2022-12-06,reporting,42.8,470.21
2022-12-07,reporting,34.0,589.9
2022-12-08,reporting,33.5,602.67
2022-12-09,reporting,32.7,624.54
2022-12-10,reporting,41.0,503.29
2022-12-11,reporting,36.8,538.55
2022-12-12,reporting,41.1,545.29
2022-12-13,reporting,40.0,496.09
2022-12-14,reporting,40.3,510.23
2022-12-15,reporting,36.5,531.3
2022-12-16,reporting,38.7,567.54
2022-12-17,reporting,34.4,562.21
2022-12-18,reporting,38.4,564.75
2022-12-19,reporting,37.3,583.81
2022-12-20,reporting,37.4,530.56
2022-12-21,reporting,37.6,589.31
2022-12-22,reporting,37.5,565.99
2022-12-23,reporting,35.2,568.08
2022-12-24,reporting,34.7,634.48
2022-12-25,reporting,33.5,616.57
2022-12-26,reporting,27.1,698.83
2022-12-27,reporting,39.0,553.18
2022-12-28,reporting,41.8,504.95
2022-12-29,reporting,27.1,688.39
2022-12-30,reporting,44.0,484.53
2022-12-31,reporting,40.8,507.89
