start,end,days,days_observed,period,oat_f,energy
2021-01-01,2021-01-31,31,31,baseline,34.14,8428.04
2021-02-01,2021-02-28,28,28,baseline,37.94,8914.94
2021-03-01,2021-03-31,31,31,baseline,45.52,9934.11
2021-04-01,2021-04-30,30,30,baseline,57.58,9816.19
2021-05-01,2021-05-31,31,31,baseline,68.8,14066.54
2021-06-01,2021-06-30,30,30,baseline,79.82,16911.2
2021-07-01,2021-07-31,31,31,baseline,81.36,19712.33
2021-08-01,2021-08-31,31,31,baseline,78.39,17515.13
2021-09-01,2021-09-30,30,30,baseline,69.99,13329.09
2021-10-01,2021-10-31,31,31,baseline,57.45,9275.93
2021-11-01,2021-11-30,30,30,baseline,45.98,6649.98
2021-12-01,2021-12-31,31,31,baseline,38.32,9759.7
2022-01-01,2022-01-31,31,31,reporting,35.7,10417.33
2022-02-01,2022-02-28,28,28,reporting,38.07,8430.88
2022-03-01,2022-03-31,31,31,reporting,45.96,8676.46
2022-04-01,2022-04-30,30,30,reporting,57.25,7629.73
2022-05-01,2022-05-31,31,31,reporting,69.98,13491.23
2022-06-01,2022-06-30,30,30,reporting,79.53,17411.05
2022-07-01,2022-07-31,31,31,reporting,82.43,17858.44
2022-08-01,2022-08-31,31,31,reporting,80.01,19835.18
2022-09-01,2022-09-30,30,30,reporting,70.0,12017.21
2022-10-01,2022-10-31,31,31,reporting,56.94,8867.57
2022-11-01,2022-11-30,30,30,reporting,45.46,8823.53
2022-12-01,2022-12-31,31,31,reporting,38.0,10951.34
