start,end,days,days_observed,period,estimated,energy,energy_injected,cost,cost_injected
2020-12-15,2021-01-13,30,30,baseline,False,15151.16,15151.16,1952.23,1952.23
2021-01-14,2021-02-17,35,35,baseline,False,16918.59,16918.59,2093.17,2093.17
2021-02-18,2021-03-18,29,29,baseline,False,12054.79,12054.79,1504.68,1504.68
2021-03-19,2021-04-19,32,32,baseline,False,10883.46,10883.46,1394.82,1394.82
2021-04-20,2021-05-24,35,35,baseline,True,11903.78,11903.78,1553.56,1553.56
2021-05-25,2021-06-24,31,31,baseline,False,12820.85,12820.85,1689.92,1689.92
2021-06-25,2021-07-28,34,34,baseline,False,17081.49,17081.49,2243.82,2243.82
2021-07-29,2021-08-29,32,32,baseline,False,15205.59,15205.59,2133.8,2133.8
2021-08-30,2021-10-02,34,34,baseline,False,12297.01,12297.01,1554.71,1554.71
2021-10-03,2021-11-04,33,33,baseline,False,10765.51,10765.51,1328.14,1328.14
2021-11-05,2021-12-08,34,34,baseline,False,14659.23,14659.23,1985.74,1985.74
2021-12-09,2022-01-09,32,32,baseline,False,16129.11,16129.11,2184.53,2184.53
2022-01-10,2022-02-10,32,32,reporting,False,16049.64,14444.68,1961.75,1765.57
2022-02-11,2022-03-11,29,29,reporting,False,13239.16,11915.24,1740.02,1566.02
2022-03-12,2022-04-13,33,33,reporting,False,11790.28,10611.25,1518.71,1366.84
2022-04-14,2022-05-15,32,32,reporting,False,9961.54,8965.39,1307.95,1177.16
2022-05-16,2022-06-19,35,35,reporting,False,14332.47,12899.22,1932.02,1738.81
2022-06-20,2022-07-24,35,35,reporting,False,17453.59,15708.23,2092.51,1883.26
2022-08-27,2022-09-30,35,35,reporting,False,12360.08,11124.07,1625.72,1463.15
2022-10-01,2022-10-29,29,29,reporting,False,9204.31,8283.88,1221.69,1099.52
2022-10-30,2022-11-30,32,32,reporting,False,12582.36,11324.12,1572.17,1414.95
2022-12-01,2022-12-30,30,30,reporting,False,14823.69,13341.32,1878.01,1690.21
