date,oat_f
2020-12-01,49.9
2020-12-02,36.9
2020-12-03,29.4
2020-12-04,35.4
2020-12-05,47.8
2020-12-06,40.3
2020-12-07,37.3
2020-12-08,39.4
2020-12-09,39.8
2020-12-10,43.0
2020-12-11,38.3
2020-12-12,44.1
2020-12-13,34.7
2020-12-14,36.9
2020-12-15,34.2
2020-12-16,37.0
2020-12-17,46.8
2020-12-18,27.9
2020-12-19,28.5
2020-12-20,32.6
2020-12-21,41.5
2020-12-22,37.0
2020-12-23,31.2
2020-12-24,35.7
2020-12-25,28.1
2020-12-26,29.0
2020-12-27,31.2
2020-12-28,37.5
2020-12-29,33.2
2020-12-30,35.0
2020-12-31,41.1
2021-01-01,32.5
2021-01-02,41.4
2021-01-03,29.4
2021-01-04,45.6
2021-01-05,26.9
2021-01-06,23.5
2021-01-07,35.2
2021-01-08,33.1
2021-01-09,38.0
2021-01-10,38.4
2021-01-11,26.4
2021-01-12,33.9
2021-01-13,46.9
2021-01-14,32.2
2021-01-15,42.8
2021-01-16,34.6
2021-01-17,32.3
2021-01-18,28.6
2021-01-19,30.8
2021-01-20,26.1
2021-01-21,42.4
2021-01-22,33.8
2021-01-23,30.8
2021-01-24,39.2
2021-01-25,29.5
2021-01-26,37.6
2021-01-27,38.8
2021-01-28,40.2
2021-01-29,37.2
2021-01-30,42.3
2021-01-31,34.7
2021-02-01,39.0
2021-02-02,42.8
2021-02-03,37.7
2021-02-04,41.3
2021-02-05,23.5
2021-02-06,39.6
2021-02-07,39.7
2021-02-08,35.9
2021-02-09,42.1
2021-02-10,47.8
2021-02-11,40.6
2021-02-12,41.9
2021-02-13,35.9
2021-02-14,35.1
2021-02-15,38.2
2021-02-16,32.5
2021-02-17,38.1
2021-02-18,43.0
2021-02-19,38.0
2021-02-20,37.6
2021-02-21,35.3
2021-02-22,45.3
2021-02-23,40.2
2021-02-24,40.8
2021-02-25,42.7
2021-02-26,46.3
2021-02-27,36.3
2021-02-28,39.3
2021-03-01,47.5
2021-03-02,39.5
2021-03-03,44.5
2021-03-04,55.7
2021-03-05,36.4
2021-03-06,44.3
2021-03-07,47.0
2021-03-08,51.7
2021-03-09,43.9
2021-03-10,37.7
2021-03-11,39.0
2021-03-12,43.9
2021-03-13,36.7
2021-03-14,55.6
2021-03-15,40.6
2021-03-16,52.1
2021-03-17,49.1
2021-03-18,46.7
2021-03-19,48.6
2021-03-20,39.7
2021-03-21,45.5
2021-03-22,50.3
2021-03-23,48.5
2021-03-24,50.6
2021-03-25,50.5
2021-03-26,55.7
2021-03-27,46.1
2021-03-28,51.8
2021-03-29,56.2
2021-03-30,50.1
2021-03-31,48.9
2021-04-01,56.4
2021-04-02,57.0
2021-04-03,49.5
2021-04-04,49.0
2021-04-05,55.9
2021-04-06,59.1
2021-04-07,51.0
2021-04-08,50.9
2021-04-09,58.3
2021-04-10,69.8
2021-04-11,55.1
2021-04-12,54.3
2021-04-13,52.3
2021-04-14,63.0
2021-04-15,56.3
2021-04-16,49.0
2021-04-17,50.9
2021-04-18,51.8
2021-04-19,56.3
2021-04-20,58.8
2021-04-21,63.0
2021-04-22,54.6
2021-04-23,62.9
2021-04-24,53.3
2021-04-25,63.7
2021-04-26,61.7
2021-04-27,63.8
2021-04-28,55.0
2021-04-29,58.8
2021-04-30,62.7
2021-05-01,71.1
2021-05-02,66.2
2021-05-03,69.5
2021-05-04,67.0
2021-05-05,71.0
2021-05-06,66.1
2021-05-07,74.2
2021-05-08,68.7
2021-05-09,66.7
2021-05-10,74.3
2021-05-11,74.3
2021-05-12,68.0
2021-05-13,75.1
2021-05-14,65.5
2021-05-15,73.8
2021-05-16,62.8
2021-05-17,74.9
2021-05-18,66.1
2021-05-19,72.9
2021-05-20,73.9
2021-05-21,72.0
2021-05-22,64.2
2021-05-23,69.9
2021-05-24,71.7
2021-05-25,74.8
2021-05-26,71.4
2021-05-27,70.9
2021-05-28,79.8
2021-05-29,73.1
2021-05-30,77.6
2021-05-31,61.7
2021-06-01,68.1
2021-06-02,72.2
2021-06-03,70.8
2021-06-04,71.6
2021-06-05,79.8
2021-06-06,84.0
2021-06-07,77.7
2021-06-08,73.6
2021-06-09,70.7
2021-06-10,73.7
2021-06-11,89.2
2021-06-12,76.8
2021-06-13,76.2
2021-06-14,78.9
2021-06-15,87.7
2021-06-16,79.2
2021-06-17,89.3
2021-06-18,80.2
2021-06-19,77.2
2021-06-20,78.3
2021-06-21,78.3
2021-06-22,77.2
2021-06-23,73.6
2021-06-24,82.1
2021-06-25,84.3
2021-06-26,80.7
2021-06-27,76.7
2021-06-28,83.7
2021-06-29,81.2
2021-06-30,79.2
2021-07-01,84.7
2021-07-02,88.1
2021-07-03,78.3
2021-07-04,76.5
2021-07-05,87.0
2021-07-06,81.7
2021-07-07,90.7
2021-07-08,84.8
2021-07-09,82.8
2021-07-10,77.8
2021-07-11,75.9
2021-07-12,86.7
2021-07-13,83.1
2021-07-14,79.2
2021-07-15,78.6
2021-07-16,80.1
2021-07-17,77.0
2021-07-18,80.6
2021-07-19,78.0
2021-07-20,86.5
2021-07-21,82.9
2021-07-22,77.5
2021-07-23,77.6
2021-07-24,87.3
2021-07-25,84.8
2021-07-26,83.8
2021-07-27,73.9
2021-07-28,80.5
2021-07-29,78.6
2021-07-30,83.0
2021-07-31,84.8
2021-08-01,85.8
2021-08-02,86.4
2021-08-03,73.0
2021-08-04,86.3
2021-08-05,76.0
2021-08-06,87.6
2021-08-07,87.6
2021-08-08,73.0
2021-08-09,81.0
2021-08-10,79.4
2021-08-11,78.5
2021-08-12,81.4
2021-08-13,79.7
2021-08-14,65.9
2021-08-15,76.7
2021-08-16,76.1
2021-08-17,80.0
2021-08-18,86.2
2021-08-19,84.3
2021-08-20,79.7
2021-08-21,79.2
2021-08-22,80.2
2021-08-23,64.9
2021-08-24,72.6
2021-08-25,81.8
2021-08-26,80.7
2021-08-27,80.7
2021-08-28,77.8
2021-08-29,81.7
2021-08-30,77.4
2021-08-31,78.2
2021-09-01,69.9
2021-09-02,70.4
2021-09-03,73.6
2021-09-04,69.9
2021-09-05,83.5
2021-09-06,76.8
2021-09-07,72.8
2021-09-08,79.6
2021-09-09,77.2
2021-09-10,65.8
2021-09-11,73.0
2021-09-12,73.9
2021-09-13,74.9
2021-09-14,74.9
2021-09-15,65.2
2021-09-16,67.4
2021-09-17,68.3
2021-09-18,76.8
2021-09-19,75.6
2021-09-20,75.3
2021-09-21,77.6
2021-09-22,61.9
2021-09-23,58.1
2021-09-24,67.3
2021-09-25,64.6
2021-09-26,70.9
2021-09-27,72.8
2021-09-28,66.5
2021-09-29,62.2
2021-09-30,61.7
2021-10-01,69.4
2021-10-02,69.4
2021-10-03,66.4
2021-10-04,55.9
2021-10-05,70.2
2021-10-06,59.4
2021-10-07,65.3
2021-10-08,52.7
2021-10-09,65.0
2021-10-10,66.5
2021-10-11,58.3
2021-10-12,60.7
2021-10-13,59.0
2021-10-14,60.5
2021-10-15,48.2
2021-10-16,51.5
2021-10-17,60.5
2021-10-18,60.0
2021-10-19,59.8
2021-10-20,57.7
2021-10-21,51.4
2021-10-22,53.2
2021-10-23,53.0
2021-10-24,58.7
2021-10-25,49.4
2021-10-26,51.0
2021-10-27,53.2
2021-10-28,46.1
2021-10-29,50.4
2021-10-30,50.4
2021-10-31,50.9
2021-11-01,47.6
2021-11-02,54.8
2021-11-03,47.7
2021-11-04,56.6
2021-11-05,42.4
2021-11-06,47.5
2021-11-07,47.5
2021-11-08,48.8
2021-11-09,44.3
2021-11-10,45.2
2021-11-11,39.5
2021-11-12,37.9
2021-11-13,57.1
2021-11-14,47.9
2021-11-15,44.6
2021-11-16,41.0
2021-11-17,47.4
2021-11-18,41.4
2021-11-19,42.8
2021-11-20,50.5
2021-11-21,44.0
2021-11-22,37.7
2021-11-23,35.3
2021-11-24,31.1
2021-11-25,30.9
2021-11-26,43.7
2021-11-27,39.4
2021-11-28,44.5
2021-11-29,40.7
2021-11-30,41.9
2021-12-01,31.2
2021-12-02,38.1
2021-12-03,41.5
2021-12-04,44.6
2021-12-05,42.2
2021-12-06,41.1
2021-12-07,42.1
2021-12-08,35.4
2021-12-09,32.5
2021-12-10,35.0
2021-12-11,35.9
2021-12-12,40.9
2021-12-13,42.6
2021-12-14,35.7
2021-12-15,29.5
2021-12-16,32.6
2021-12-17,39.7
2021-12-18,30.7
2021-12-19,41.7
2021-12-20,31.5
2021-12-21,38.7
2021-12-22,27.4
2021-12-23,39.8
2021-12-24,21.6
2021-12-25,34.0
2021-12-26,35.7
2021-12-27,33.6
2021-12-28,33.1
2021-12-29,32.2
2021-12-30,32.4
2021-12-31,43.5
2022-01-01,29.3
2022-01-02,40.0
2022-01-03,40.2
2022-01-04,29.1
2022-01-05,31.8
2022-01-06,45.8
2022-01-07,43.3
2022-01-08,39.6
2022-01-09,33.2
2022-01-10,28.1
2022-01-11,28.2
2022-01-12,38.9
2022-01-13,30.4
2022-01-14,27.3
2022-01-15,37.6
2022-01-16,28.7
2022-01-17,40.0
2022-01-18,35.4
2022-01-19,36.5
2022-01-20,25.5
2022-01-21,31.5
2022-01-22,32.2
2022-01-23,32.2
2022-01-24,35.5
2022-01-25,34.2
2022-01-26,31.4
2022-01-27,40.2
2022-01-28,37.2
2022-01-29,35.6
2022-01-30,34.3
2022-01-31,45.5
2022-02-01,27.8
2022-02-02,32.8
2022-02-03,46.1
2022-02-04,38.9
2022-02-05,43.2
2022-02-06,34.3
2022-02-07,41.3
2022-02-08,29.2
2022-02-09,29.9
2022-02-10,38.0
2022-02-11,31.0
2022-02-12,35.9
2022-02-13,37.0
2022-02-14,57.2
2022-02-15,38.8
2022-02-16,40.0
2022-02-17,36.6
2022-02-18,33.2
2022-02-19,33.2
2022-02-20,36.5
2022-02-21,39.6
2022-02-22,37.2
2022-02-23,42.5
2022-02-24,33.6
2022-02-25,34.1
2022-02-26,42.9
2022-02-27,49.1
2022-02-28,44.4
2022-03-01,44.5
2022-03-02,35.8
2022-03-03,39.3
2022-03-04,37.9
2022-03-05,35.8
2022-03-06,39.0
2022-03-07,36.8
2022-03-08,46.3
2022-03-09,47.1
2022-03-10,44.5
2022-03-11,36.7
2022-03-12,43.7
2022-03-13,43.5
2022-03-14,48.9
2022-03-15,41.9
2022-03-16,36.5
2022-03-17,50.0
2022-03-18,39.4
2022-03-19,58.4
2022-03-20,46.3
2022-03-21,50.8
2022-03-22,48.8
2022-03-23,54.4
2022-03-24,44.9
2022-03-25,56.7
2022-03-26,36.7
2022-03-27,48.7
2022-03-28,50.6
2022-03-29,49.0
2022-03-30,55.3
2022-03-31,50.5
2022-04-01,44.6
2022-04-02,53.8
2022-04-03,52.9
2022-04-04,50.0
2022-04-05,58.7
2022-04-06,50.3
2022-04-07,44.5
2022-04-08,48.7
2022-04-09,53.8
2022-04-10,58.3
2022-04-11,50.0
2022-04-12,55.3
2022-04-13,63.5
2022-04-14,58.5
2022-04-15,62.6
2022-04-16,58.8
2022-04-17,67.6
2022-04-18,54.4
2022-04-19,58.4
2022-04-20,54.1
2022-04-21,63.4
2022-04-22,55.4
2022-04-23,64.0
2022-04-24,70.0
2022-04-25,65.6
2022-04-26,60.9
2022-04-27,55.4
2022-04-28,70.4
2022-04-29,69.7
2022-04-30,57.1
2022-05-01,70.2
2022-05-02,68.8
2022-05-03,56.3
2022-05-04,60.0
2022-05-05,68.6
2022-05-06,70.4
2022-05-07,67.2
2022-05-08,67.4
2022-05-09,76.5
2022-05-10,64.9
2022-05-11,65.8
2022-05-12,66.7
2022-05-13,83.5
2022-05-14,71.7
2022-05-15,67.2
2022-05-16,77.3
2022-05-17,57.6
2022-05-18,75.2
2022-05-19,66.9
2022-05-20,65.4
2022-05-21,74.5
2022-05-22,80.0
2022-05-23,64.9
2022-05-24,69.5
2022-05-25,77.5
2022-05-26,65.3
2022-05-27,63.4
2022-05-28,72.2
2022-05-29,77.5
2022-05-30,66.9
2022-05-31,75.1
2022-06-01,70.7
2022-06-02,75.4
2022-06-03,81.9
2022-06-04,70.4
2022-06-05,74.7
2022-06-06,82.2
2022-06-07,79.0
2022-06-08,76.6
2022-06-09,73.0
2022-06-10,79.2
2022-06-11,78.4
2022-06-12,73.4
2022-06-13,83.6
2022-06-14,76.4
2022-06-15,83.7
2022-06-16,75.5
2022-06-17,86.7
2022-06-18,80.4
2022-06-19,79.7
2022-06-20,80.5
2022-06-21,77.0
2022-06-22,74.7
2022-06-23,82.9
2022-06-24,80.1
2022-06-25,71.0
2022-06-26,79.6
2022-06-27,79.2
2022-06-28,86.7
2022-06-29,81.1
2022-06-30,79.5
2022-07-01,82.3
2022-07-02,93.3
2022-07-03,73.5
2022-07-04,81.6
2022-07-05,84.1
2022-07-06,87.7
2022-07-07,86.5
2022-07-08,83.1
2022-07-09,80.9
2022-07-10,86.7
2022-07-11,74.7
2022-07-12,77.8
2022-07-13,81.0
2022-07-14,89.0
2022-07-15,81.6
2022-07-16,80.7
2022-07-17,85.1
2022-07-18,82.1
2022-07-19,83.6
2022-07-20,73.9
2022-07-21,80.7
2022-07-22,79.2
2022-07-23,85.0
2022-07-24,79.0
2022-07-25,90.1
2022-07-26,83.7
2022-07-27,77.7
2022-07-28,77.5
2022-07-29,89.5
2022-07-30,72.9
2022-07-31,75.6
2022-08-01,83.7
2022-08-02,89.1
2022-08-03,85.5
2022-08-04,82.3
2022-08-05,78.2
2022-08-06,77.1
2022-08-07,77.9
2022-08-08,76.3
2022-08-09,78.5
2022-08-10,76.9
2022-08-11,78.4
2022-08-12,75.7
2022-08-13,89.5
2022-08-14,80.4
2022-08-15,78.8
2022-08-16,80.3
2022-08-17,86.9
2022-08-18,77.2
2022-08-19,84.7
2022-08-20,78.9
2022-08-21,89.5
2022-08-22,76.8
2022-08-23,66.4
2022-08-24,79.8
2022-08-25,74.5
2022-08-26,65.3
2022-08-27,71.3
2022-08-28,68.2
2022-08-29,81.5
2022-08-30,74.3
2022-08-31,73.4
2022-09-01,72.9
2022-09-02,76.3
2022-09-03,68.4
2022-09-04,71.5
2022-09-05,78.3
2022-09-06,74.2
2022-09-07,75.1
2022-09-08,74.6
2022-09-09,66.1
2022-09-10,82.4
2022-09-11,71.2
2022-09-12,68.7
2022-09-13,61.0
2022-09-14,73.8
2022-09-15,69.2
2022-09-16,68.2
2022-09-17,69.6
2022-09-18,71.0
2022-09-19,70.5
2022-09-20,67.7
2022-09-21,69.9
2022-09-22,62.2
2022-09-23,58.0
2022-09-24,63.8
2022-09-25,65.2
2022-09-26,65.9
2022-09-27,67.3
2022-09-28,68.1
2022-09-29,61.5
2022-09-30,67.9
2022-10-01,67.5
2022-10-02,57.3
2022-10-03,57.9
2022-10-04,58.4
2022-10-05,64.2
2022-10-06,72.9
2022-10-07,71.4
2022-10-08,59.6
2022-10-09,51.4
2022-10-10,53.8
2022-10-11,63.5
2022-10-12,62.2
2022-10-13,68.7
2022-10-14,55.6
2022-10-15,52.9
2022-10-16,68.9
2022-10-17,57.5
2022-10-18,62.2
2022-10-19,57.9
2022-10-20,60.4
2022-10-21,59.9
2022-10-22,48.6
2022-10-23,49.7
2022-10-24,49.6
2022-10-25,53.4
2022-10-26,65.0
2022-10-27,53.4
2022-10-28,52.5
2022-10-29,52.3
2022-10-30,42.2
2022-10-31,52.3
2022-11-01,50.3
2022-11-02,49.1
2022-11-03,57.8
2022-11-04,46.2
2022-11-05,45.5
2022-11-06,48.0
2022-11-07,43.6
2022-11-08,45.5
2022-11-09,41.8
2022-11-10,41.8
2022-11-11,49.3
2022-11-12,43.2
2022-11-13,44.9
2022-11-14,56.5
2022-11-15,45.1
2022-11-16,45.6
2022-11-17,41.2
2022-11-18,47.6
2022-11-19,44.4
2022-11-20,40.1
2022-11-21,42.5
2022-11-22,50.6
2022-11-23,38.5
2022-11-24,41.2
2022-11-25,44.2
2022-11-26,33.8
2022-11-27,53.2
2022-11-28,46.1
2022-11-29,44.0
2022-11-30,47.6
2022-12-01,45.5
2022-12-02,32.7
2022-12-03,35.0
2022-12-04,38.4
2022-12-05,36.1
2022-12-06,39.7
2022-12-07,37.3
2022-12-08,44.7
2022-12-09,37.3
2022-12-10,32.4
2022-12-11,32.2
2022-12-12,37.1
2022-12-13,31.2
2022-12-14,27.3
2022-12-15,31.2
2022-12-16,38.9
2022-12-17,29.9
2022-12-18,31.7
2022-12-19,29.8
2022-12-20,35.9
2022-12-21,41.9
2022-12-22,37.6
2022-12-23,40.0
2022-12-24,31.4
2022-12-25,31.9
2022-12-26,34.9
2022-12-27,36.2
2022-12-28,41.3
2022-12-29,43.2
2022-12-30,30.2
2022-12-31,38.0
